config,avg_epoch_time_mean,avg_epoch_time_std,total_time_mean,total_time_std,avg_comm_time_mean,avg_comm_time_std,test_f1_mean,test_f1_std,val_f1_mean,loss_mean,train_acc_mean,peak_memory_mb
sequential,43.74586475456211,1.6429383218124909,131.23759426368633,4.928814965437473,0.0,0.0,0.018110376239013664,0.007909457033719718,0.018477722747633266,3.7971780475869497,0.046448675083044934,9592.0078125
spark_4,6.312860458442528,0.6782612592286799,18.938581375327583,2.0347837776860396,0.1247644123246169,0.11315114998504062,0.016630404909363766,0.005545346070506196,0.01632271331644507,3.8278547431530385,0.03705683119230577,9592.0078125
spark_8,5.151423037013349,0.5852643934090787,15.454269111040048,1.755793180227235,0.04605070356693532,0.01232405050057517,0.01511619848410351,0.003669374197499599,0.01454764922197213,3.854735483284593,0.03301375428259826,9592.0078125
spark_16,4.393178337880979,0.7531175347633867,13.179535013642939,2.25935260429016,0.038026060119995646,0.01535922790510537,0.01274739785211245,0.0009709742961716213,0.01320586665955052,3.892814714365327,0.030024354052744662,9592.0078125
